clean_name,album,rank_2003,rank_2012,rank_2020,differential,release_year,genre,weeks_on_billboard,peak_billboard_position,spotify_popularity,artist_member_count,artist_gender,artist_birth_year_sum,debut_album_release_year,ave_age_at_top_500,years_between
Frank Sinatra,In the Wee Small Hours,100,101,282,-182,1955,Big Band/Jazz,14,2,48,1,Male,1915,1946,40,9
Bo Diddley,Bo Diddley / Go Bo Diddley,214,216,455,-241,1955,Rock n' Roll/Rhythm & Blues,,201,50,1,Male,1928,1955,27,0
Elvis Presley,Elvis Presley,55,56,332,-277,1956,Rock n' Roll/Rhythm & Blues,100,1,58,1,Male,1935,1956,21,0
Frank Sinatra,Songs for Swingin' Lovers!,306,308,,-195,1956,Big Band/Jazz,,2,62,1,Male,1915,1946,41,10
Little Richard,Here's Little Richard,50,50,227,-177,1957,,5,13,64,1,Male,1932,1957,25,0
Beyonce,Lemonade,,,32,469,2016,,87,1,73,1,Female,1981,2003,35,13
Amy Winehouse,Back to Black,,451,33,468,2006,Soul/Gospel/R&B,173,2,67,1,Female,1983,2003,23,3
Buddy Holly,"The ""Chirping"" Crickets",421,420,,-80,1957,Rock n' Roll/Rhythm & Blues,,201,47,4,Male,7752,1957,19,0
Kate Bush,Hounds of Love,,,68,433,1985,,27,30,75,1,Female,1958,1978,27,7
Miles Davis,Kind of Blue,12,12,31,-19,1959,Big Band/Jazz,,201,52,1,Male,1926,1951,33,8
John Coltrane,Giant Steps,102,103,232,-130,1959,Big Band/Jazz,,201,36,1,Male,1926,1957,33,2
Beyonce,Beyonce,,,81,420,2013,,186,1,75,1,Female,1981,2003,32,10
Ornette Coleman,The Shape of Jazz to Come,246,248,417,-171,1959,Big Band/Jazz,,201,34,1,Male,1930,1958,29,1
Erykah Badu,Baduizm,,,89,412,1997,Soul/Gospel/R&B,58,2,67,1,Female,1971,1997,26,0
Missy Elliott,Supa Dupa Fly,,,93,408,1997,Hip-Hop/Rap,37,3,53,1,Female,1971,1997,26,0
Howlin' Wolf,Moanin' in the Moonlight,153,154,477,-324,1959,Blues/Blues Rock,,201,53,1,Male,1910,1959,49,0
Taylor Swift,Red,,,99,402,2012,Country/Folk/Country Rock/Folk Rock,185,1,62,1,Female,1989,2006,23,6
Fiona Apple,When the Pawn...,,,108,393,1999,Indie/Alternative Rock,20,13,64,1,Female,1977,1996,22,3
Ray Charles,The Genius of Ray Charles,263,265,,-238,1959,,,17,52,1,Male,1930,1949,29,10
Janet Jackson,Control,,,111,390,1986,Soul/Gospel/R&B,106,1,54,1,Female,1966,1982,20,4
Etta James,At Last!,116,119,191,-75,1960,Soul/Gospel/R&B,,201,75,1,Female,1938,1960,22,0
Joni Mitchell,Hejira,,,133,368,1976,,18,13,,1,Female,1943,1968,33,8
Adele,21,,,137,364,2011,Soul/Gospel/R&B,588,1,81,1,Female,1988,2008,23,3
Muddy Waters,Muddy Waters at Newport 1960,348,348,,-153,1960,Blues/Blues Rock,,201,26,1,Male,1913,1947,47,13
Miles Davis,Sketches of Spain,356,358,,-145,1960,Big Band/Jazz,,201,35,1,Male,1926,1951,34,9
Aretha Franklin,Amazing Grace,,,154,347,1972,Soul/Gospel/R&B,23,7,38,1,Female,1942,1961,30,11
Erykah Badu,Mama's Gun,,,158,343,2000,Soul/Gospel/R&B,25,11,66,1,Female,1971,1997,29,3
Robert Johnson,King of the Delta Blues Singers,27,,374,-347,1961,Blues/Blues Rock,,201,47,1,Male,1911,1937,50,24
Sleater-Kinney,Dig Me Out,,272,189,312,1997,Punk/Post-Punk/New Wave/Power Pop,,201,46,3,Female,5911,1995,26.66666667,2
"Bobby ""Blue"" Bland",Two Steps From the Blues,215,217,,-286,1961,Blues/Blues Rock,,201,,1,Male,1930,1961,31,0
Robyn,Body Talk,,,196,305,2010,Electronic,1,142,52,1,Female,1979,1995,31,15
Sade,Diamond Life,,,200,301,1984,Soul/Gospel/R&B,81,5,64,1,Female,1959,1984,25,0
Bjork,Homogenic,,,202,299,1997,,9,28,46,1,Female,1965,1977,32,20
Nina Simone,Wild is the Wind,,,212,289,1966,Soul/Gospel/R&B,110,9,49,1,Female,1933,1959,33,7
Fiona Apple,The Idler Wheel,,,213,288,2012,Indie/Alternative Rock,16,3,52,1,Female,1977,1996,35,16
Ray Charles,Modern Sounds in Country and Western Music,104,105,127,-23,1962,Soul/Gospel/R&B,14,1,55,1,Male,1930,1949,32,13
Howlin' Wolf,Howlin' Wolf,223,238,,-278,1962,Blues/Blues Rock,,201,,1,Male,1910,1959,52,3
The Chicks,Fly,,,224,277,1999,Country/Folk/Country Rock/Folk Rock,131,1,65,3,Female,5915,1990,27.33333333,9
James Brown,"Live at the Apollo, 1962",24,25,65,-41,1963,Funk/Disco,6,91,28,1,Male,1933,1958,30,5
Rihanna,Anti,,,230,271,2016,,392,1,51,1,Female,1988,2005,28,11
Tori Amos,Little Earthquakes,,,233,268,1992,,54,38,39,1,Female,1963,1992,29,0
Sade,Love Deluxe,,,247,254,1992,Soul/Gospel/R&B,103,3,70,1,Female,1959,1984,33,8
Bob Dylan,The Freewheelin' Bob Dylan,97,97,255,-158,1963,Country/Folk/Country Rock/Folk Rock,14,22,66,1,Male,1941,1962,22,1
The Beatles,Please Please Me,39,39,,-462,1963,,1,74,72,4,Male,7765,1963,21.75,0
Phil Spector,A Christmas Gift for You From Phil Spector,142,142,,-359,1963,Soul/Gospel/R&B,,201,61,1,Male,1939,1959,24,4
Joni Mitchell,The Hissing of Summer Lawns,,,258,243,1975,,17,4,,1,Female,1943,1968,32,7
The Beatles,With the Beatles,420,,,-81,1963,,74,1,68,4,Male,7765,1963,21.75,0
Kacey Musgraves,Golden Hour,,,270,231,2018,Country/Folk/Country Rock/Folk Rock,94,4,69,1,Female,1988,2013,30,5
Mary J. Blige,What's the 411?,,,271,230,1992,Soul/Gospel/R&B,58,6,58,1,Female,1971,1992,21,0
Alicia Keys,The Diary of Alicia Keys,,,277,224,2003,Soul/Gospel/R&B,87,1,74,1,Female,1981,2001,22,2
Donna Summer,Bad Girls,,,283,218,1975,Funk/Disco,49,1,60,1,Female,1948,1974,27,1
The Ronettes,Presenting the Fabulous Ronettes Featuring Veronica,427,422,494,-67,1964,Soul/Gospel/R&B,,201,62,3,Female,5830,1964,20.66666667,0
Destiny's Child,The Writing's On the Wall,,,291,210,1999,,99,5,73,4,Female,7924,1998,18,1
Shania Twain,Come On Over,,,300,201,1997,Country/Folk/Country Rock/Folk Rock,151,2,70,1,Female,1965,1993,32,4
Solange,A Seat at the Table,,,312,189,2016,Soul/Gospel/R&B,23,1,60,1,Female,1986,2002,30,14
PJ Harvey,"Stories From the City, Stories From the Sea",,431,313,188,2000,Indie/Alternative Rock,9,42,58,1,Female,1969,1992,31,8
Aaliyah,One in A Million,,,314,187,1996,Soul/Gospel/R&B,67,18,64,1,Female,1979,1994,17,2
Rosalia,El Mal Querer,,,315,186,2018,Latin,,201,69,1,Female,1992,2017,26,1
Billie Holiday,Lady in Satin,,,317,184,1958,Big Band/Jazz,,201,47,1,Female,1915,1934,43,24
The Beatles,Meet The Beatles!,59,53,197,-138,1964,Rock n' Roll/Rhythm & Blues,74,1,,4,Male,7765,1963,22.75,1
Lana Del Ray,Norman Fucking Rockwell,,,321,180,2019,,25,3,84,1,Female,1985,2010,34,9
The Beatles,A Hard Day's Night,388,307,263,125,1964,Rock n' Roll/Rhythm & Blues,56,1,73,4,Male,7765,1963,22.75,1
Muddy Waters,Folk Singer,280,282,,-221,1964,Blues/Blues Rock,,201,45,1,Male,1913,1947,51,17
Gillian Welch,Time (The Revelator),,,348,153,2001,Country/Folk/Country Rock/Folk Rock,3,157,42,1,Female,1967,1996,34,5
Aretha Franklin,"Young, Gifted and Black",,,388,113,1972,Soul/Gospel/R&B,31,11,53,1,Female,1942,1961,30,11
Mariah Carey,The Emancipation of Mimi,,,389,112,2005,Soul/Gospel/R&B,74,1,63,1,Female,1969,1990,36,15
Kelis,Kaleidoscope,,,391,110,1999,,6,144,24,1,Female,1979,1999,20,0
Taylor Swift,1989,,,393,108,2014,,464,1,79,1,Female,1989,2006,25,8
Diana Ross,Diana,,,394,107,1980,Funk/Disco,67,2,69,1,Female,1944,1970,36,10
Billie EIlish,When We All Fall Asleep Where Do We Go?,,,397,104,2019,Indie/Alternative Rock,240,1,86,1,Female,2001,2019,18,0
The Raincoats,The Raincoats,,,398,103,1979,Punk/Post-Punk/New Wave/Power Pop,,201,39,4,Female,7814,1979,25.5,0
Getz & Gilberto,Getz / Gilberto,454,447,,-47,1964,Big Band/Jazz,2,105,47,2,Male,3858,1964,35,0
Anita Baker,Rapture,,,404,97,1986,Soul/Gospel/R&B,157,11,,1,Female,1951,1983,35,3
M.I.A.,Arular,,,421,80,2005,Electronic,2,190,44,1,Female,1975,2005,30,0
Lucinda Williams,Lucinda Williams,,,426,75,1988,Country/Folk/Country Rock/Folk Rock,,201,37,1,Female,1953,1979,35,9
Loretta Lynn,Coal Miner's Daughter,,,440,61,1971,Country/Folk/Country Rock/Folk Rock,17,81,51,1,Female,1932,1963,39,8
Britney Spears,Blackout,,,441,60,2007,,34,2,73,1,Female,1981,1999,26,8
Fiona Apple,Extraordinary Machine,,,444,57,2005,Indie/Alternative Rock,21,7,51,1,Female,1977,1996,28,9
Alice Coltrane,Journey in Satchidanada,,,446,55,1971,Big Band/Jazz,,201,43,1,Female,1937,1968,34,3
Roberta Flack,First Take,,,451,50,1969,Soul/Gospel/R&B,54,1,54,1,Female,1937,1969,32,0
Bob Dylan,Highway 61 Revisited,4,4,18,-14,1965,Country/Folk/Country Rock/Folk Rock,47,3,64,1,Male,1941,1962,24,3
The Beatles,Rubber Soul,5,5,35,-30,1965,,70,1,76,4,Male,7765,1963,23.75,2
Lorde,Melodrama,,,460,41,2017,,43,1,78,1,Female,1996,2013,21,4
Laura Nyro,Eli & the 13th Confession,,,463,38,1968,,7,181,30,1,Female,1947,1967,21,1
SZA,Ctrl,,,472,29,2017,Soul/Gospel/R&B,334,3,49,1,Female,1989,2017,28,0
Sheryl Crow,Sheryl Crow,,,475,26,1996,,63,6,56,1,Female,1962,1991,34,5
Selena,Amor Prohibido,,,479,22,1994,Latin,1,183,74,1,Female,1971,1989,23,5
Miranda Lambert,The Weight of These Wings,,,480,21,2016,Country/Folk/Country Rock/Folk Rock,43,3,53,1,Female,1983,2005,33,11
Lady Gaga,Born This Way,,,484,17,2011,Electronic,53,1,65,1,Female,1986,2008,25,3
John Coltrane,A Love Supreme,47,47,66,-19,1965,Big Band/Jazz,12,64,47,1,Male,1926,1957,39,8
Otis Redding,Otis Blue: Otis Redding Sings Soul,74,78,178,-104,1965,Soul/Gospel/R&B,34,75,59,1,Male,1941,1964,24,1
Bob Dylan,Bringing It All Back Home,31,31,181,-150,1965,Country/Folk/Country Rock/Folk Rock,43,6,58,1,Male,1941,1962,24,3
Shakira,Donde Estan Los Ladrones,,,496,5,1998,Latin,22,131,76,1,Female,1977,1991,21,7
The Beatles,Help!,332,331,266,66,1965,,46,1,73,4,Male,7765,1963,23.75,2
The Byrds,Mr. Tambourine Man,232,233,287,-55,1965,,38,6,54,5,Male,9717,1965,21.6,0
B.B. King,Live at the Regal,141,141,299,-158,1965,Blues/Blues Rock,8,78,38,1,Male,1925,1956,40,9
The Beach Boys,The Beach Boys Today!,270,271,466,-196,1965,,50,4,38,5,Male,9715,1962,22,3
Rolling Stones,Out of Our Heads,114,116,,-387,1965,Blues/Blues Rock,65,1,69,5,Male,9705,1964,24,1
Rolling Stones,"The Rolling Stones, Now!",181,180,,-320,1965,Blues/Blues Rock,53,5,43,5,Male,9705,1964,24,1
The Who,My Generation,236,237,,-265,1965,Blues/Blues Rock,,201,56,4,Male,7779,1965,20.25,0
The Yardbirds,Having a Rave Up,353,355,,-148,1965,Blues/Blues Rock,33,53,48,5,Male,9718,1964,21.4,1
Paul Butterfield Blues Band,The Paul Butterfield Blues Band,476,468,,-25,1965,Blues/Blues Rock,6,136,36,6,Male,11642,1965,24.66666667,0
The Beach Boys,Pet Sounds,2,2,2,0,1966,,40,10,62,6,Male,11657,1962,23.16666667,4
The Beatles,Revolver,3,3,11,-8,1966,,94,1,73,4,Male,7765,1963,24.75,3
Kanye West,My Beautiful Dark Twisted Fantasy,,353,17,484,2010,Hip-Hop/Rap,243,1,85,1,Male,1977,2004,33,6
Bob Dylan,Blonde on Blonde,9,9,38,-29,1966,Country/Folk/Country Rock/Folk Rock,34,9,54,1,Male,1941,1962,25,4
Kendrick Lamar,To Pimp a Butterfly,,,19,482,2015,Hip-Hop/Rap,125,1,78,1,Male,1987,2011,28,4
Rolling Stones,Aftermath,108,109,330,-222,1966,Blues/Blues Rock,50,2,74,5,Male,9705,1964,25,2
Otis Redding,Complete & Unbelievable: The Otis Redding Dictionary of Soul,251,254,448,-197,1966,Soul/Gospel/R&B,15,73,33,1,Male,1941,1964,25,2
Cream,Fresh Cream,101,102,,-400,1966,Blues/Blues Rock,92,39,56,3,Male,5827,1966,23.66666667,0
John Mayall & the Bluesbreakers,Bluesbreakers,195,195,,-306,1966,Blues/Blues Rock,,201,47,4,Male,7763,1966,25.25,0
Simon & Garfunkel,"Parsley, Sage, Rosemary and Thyme",201,202,,-300,1966,Country/Folk/Country Rock/Folk Rock,145,4,63,2,Male,3882,1964,25,2
The Mothers of Invention,Freak Out!,243,246,,-258,1966,,23,130,41,6,Male,11640,1966,26,0
The Yardbirds,Roger the Engineer,349,350,,-152,1966,Blues/Blues Rock,16,52,40,5,Male,9718,1964,22.4,2
The Who,A Quick One,383,384,,-118,1966,Blues/Blues Rock,21,67,39,4,Male,7779,1965,21.25,1
Smokey Robinson & the Miracles,Going to a Go-Go,271,273,412,-141,1966,Soul/Gospel/R&B,40,8,59,6,Male/Female,11640,1961,26,5
The Mamas and the Papas,If You Can Believe Your Eyes and Ears,127,112,,-374,1966,,105,1,72,4,Male/Female,7760,1966,26,0
Aretha Franklin,I Never Loved a Man the Way I Love You,83,84,13,70,1967,Soul/Gospel/R&B,79,2,67,1,Female,1942,1961,25,6
The Beatles,Sgt. Pepper's Lonely Hearts Club Band,1,1,24,-23,1967,,233,1,71,4,Male,7765,1963,25.75,4
Jimi Hendrix Experience,Are You Experienced,15,15,30,-15,1967,Blues/Blues Rock,106,5,69,3,Male,5833,1967,22.66666667,0
The Doors,The Doors,42,42,86,-44,1967,Blues/Blues Rock,104,2,70,4,Male,7772,1967,24,0
Jimi Hendrix Experience,Axis: Bold as Love,82,83,92,-10,1967,Blues/Blues Rock,3,55,66,3,Male,5833,1967,22.66666667,0
Cream,Disraeli Gears,112,114,170,-58,1967,Blues/Blues Rock,83,4,55,3,Male,5827,1966,24.66666667,1
Love,Forever Changes,40,40,180,-140,1967,,10,154,47,5,Male,9725,1966,22,1
Pink Floyd,The Piper at the Gates of Dawn,347,347,253,94,1967,,11,131,47,4,Male,7776,1967,23,0
The Who,The Who Sell Out,113,115,316,-203,1967,,23,48,29,4,Male,7779,1965,22.25,2
Bob Dylan,John Wesley Harding,301,303,337,-36,1967,Country/Folk/Country Rock/Folk Rock,52,2,50,1,Male,1941,1962,26,5
The Kinks,Something Else by The Kinks,288,289,478,-190,1967,,2,153,13,4,Male,7778,1964,22.5,3
Moby Grape,Moby Grape,121,124,,-380,1967,,27,24,32,5,Male,9717,1967,23.6,0
The Byrds,Younger Than Yesterday,124,127,,-377,1967,,24,24,45,4,Male,7773,1965,23.75,2
OutKast,Aquemini,,500,49,452,1998,Hip-Hop/Rap,43,2,65,2,Male,3950,1994,23,4
Buffalo Springfield,Buffalo Springfield Again,188,188,,-313,1967,,14,44,53,5,Male,9720,1966,23,1
Little Walter,The Best of Little Walter,198,198,,-303,1967,Blues/Blues Rock,,201,10,1,Male,1930,1947,37,20
Rolling Stones,Between the Buttons,355,357,,-146,1967,Blues/Blues Rock,47,2,56,5,Male,9705,1964,26,3
The Doors,Strange Days,407,409,,-94,1967,Blues/Blues Rock,61,3,69,4,Male,7772,1967,24,0
Otis Redding,Live in Europe,474,,,-27,1967,Soul/Gospel/R&B,42,32,17,1,Male,1941,1964,26,3
Merle Haggard,Branded Man,484,,,-17,1967,Country/Folk/Country Rock/Folk Rock,4,167,19,1,Male,1937,1965,30,2
Albert King,Born Under a Bad Sign,499,491,,-2,1967,Blues/Blues Rock,,201,43,1,Male,1923,1962,44,5
The Byrds,Greatist Hits,178,,,-323,1967,,29,6,29,5,Male,9717,1965,23.6,2
The Velvet Underground,The Velvet Underground & Nico,13,13,23,-10,1967,Punk/Post-Punk/New Wave/Power Pop,13,171,65,5,Male/Female,9708,1967,25.4,0
Jefferson Airplane,Surrealistic Pillow,146,146,471,-325,1967,,56,3,70,6,Male/Female,11644,1966,26.33333333,1
Aretha Franklin,Lady Soul,84,85,75,9,1968,Soul/Gospel/R&B,52,2,63,1,Female,1942,1961,26,7
The Beatles,The Beatles,10,10,29,-19,1968,,55,1,76,4,Male,7765,1963,26.75,5
Jimi Hendrix Experience,Electric Ladyland,54,55,53,1,1968,Blues/Blues Rock,1,40,69,3,Male,5833,1967,23.66666667,1
Van Morrison,Astral Weeks,19,19,60,-41,1968,,,201,52,1,Male,1945,1967,23,1
The Band,Music From Big Pink,34,34,100,-66,1968,Country/Folk/Country Rock/Folk Rock,40,30,62,5,Male,9706,1968,26.8,0
Johnny Cash,At Folsom Prison,88,88,164,-76,1968,Country/Folk/Country Rock/Folk Rock,81,13,60,1,Male,1932,1957,36,11
Rolling Stones,Beggars Banquet,57,58,185,-128,1968,Blues/Blues Rock,26,5,67,5,Male,9705,1964,27,4
The Zombies,Odessey & Oracle,80,100,243,-163,1968,,95,13,66,5,Male,9724,1965,23.2,3
The Byrds,Sweetheart of the Rodeo,117,120,274,-157,1968,,10,77,47,4,Male,7775,1965,24.25,3
Dr. John,Gris Gris,143,143,356,-213,1968,Blues/Blues Rock,,201,38,1,Male,1941,1968,27,0
Kanye West,The College Dropout,,298,74,427,2004,Hip-Hop/Rap,74,2,79,1,Male,1977,2004,27,0
The Kinks,The Kinks Are The Village Green Preservation Society,255,258,384,-129,1968,,,201,47,4,Male,7778,1964,23.5,4
Otis Redding,The Dock of the Bay,161,161,,-340,1968,Soul/Gospel/R&B,42,4,51,1,Male,1941,1964,27,4
The Byrds,The Notorious Byrd Brothers,171,171,,-330,1968,,19,47,45,5,Male,9717,1965,24.6,3
Frank Ocean,Blonde,,,79,422,2016,Soul/Gospel/R&B,354,1,86,1,Male,1987,2012,29,4
Cream,Wheels of Fire,203,205,,-298,1968,Blues/Blues Rock,50,1,62,3,Male,5827,1966,25.66666667,2
Simon & Garfunkel,Bookends,233,234,,-268,1968,Country/Folk/Country Rock/Folk Rock,66,1,68,2,Male,3882,1964,27,4
"Blood, Sweat & Tears",Child Is Father to the Man,264,266,,-237,1968,,55,47,39,8,Male,15557,1968,23.375,0
Grateful Dead,Anthem of the Sun,287,288,,-214,1968,Blues/Blues Rock,17,87,23,6,Male,11663,1967,24.16666667,1
The Mothers of Invention,We're Only in It for the Money,296,297,,-205,1968,,19,30,41,8,Male,15509,1966,29.375,2
The Drifters,The Drifters' Golden Hits,465,459,,-36,1968,Soul/Gospel/R&B,8,122,28,2,Male,3870,1956,33,12
The Velvet Underground,White Light/White Heat,292,293,272,20,1968,Punk/Post-Punk/New Wave/Power Pop,2,199,28,4,Male/Female,7770,1967,25.5,1
Big Brother & the Holding Company,Cheap Thrills,338,338,372,-34,1968,Blues/Blues Rock,66,1,61,5,Male/Female,9707,1967,26.6,1
Dusty Springfield,Dusty in Memphis,89,89,83,6,1969,Soul/Gospel/R&B,14,99,24,1,Female,1939,1964,30,5
The Beatles,Abbey Road,14,14,5,9,1969,,83,1,79,4,Male,7765,1963,27.75,6
Drake,Take Care,,,95,406,2011,Hip-Hop/Rap,557,1,84,1,Male,1986,2010,25,1
Rolling Stones,Let It Bleed,32,32,41,-9,1969,Blues/Blues Rock,39,3,46,6,Male,11654,1964,26.66666667,5
The Band,The Band,45,45,57,-12,1969,Country/Folk/Country Rock/Folk Rock,49,9,58,5,Male,9706,1968,27.8,1
Led Zeppelin,Led Zeppelin,29,29,101,-72,1969,Hard Rock/Metal,73,10,53,4,Male,7786,1969,22.5,0
Led Zeppelin,Led Zeppelin II,75,79,123,-48,1969,Hard Rock/Metal,75,1,55,4,Male,7786,1969,22.5,0
"Crosby, Stills & Nash","Crosby, Stills & Nash",259,262,161,98,1969,Country/Folk/Country Rock/Folk Rock,107,6,,3,Male,5828,1969,26.33333333,0
The Who,Tommy,96,96,190,-94,1969,,126,4,39,4,Male,7779,1965,24.25,4
Creedence Clearwater Revival,Willy and the Poor Boys,392,309,193,199,1969,Blues/Blues Rock,3,60,34,4,Male,7776,1968,25,1
Elvis Presley,From Elvis in Memphis,190,190,322,-132,1969,Rock n' Roll/Rhythm & Blues,34,13,67,1,Male,1935,1956,34,13
MC5,Kick Out the Jams,294,294,349,-55,1969,Punk/Post-Punk/New Wave/Power Pop,23,30,36,5,Male,9731,1969,22.8,0
Neil Young,Everybody Knows This Is Nowhere,208,210,407,-199,1969,,98,34,,1,Male,1945,1969,24,0
The Flying Burrito Brothers,The Gilded Palace of Sin,192,192,462,-270,1969,,7,164,41,4,Male,7771,1969,26.25,0
The Stooges,The Stooges,185,185,488,-303,1969,Punk/Post-Punk/New Wave/Power Pop,11,106,50,4,Male,7791,1969,21.25,0
Captain Beefheart & His Magic Band,Trout Mask Replica,58,60,,-443,1969,,,201,,6,Male,11682,1967,22,2
Kendrick Lamar,"good kid, m.A.A.d city",,,115,386,2012,Hip-Hop/Rap,575,2,76,1,Male,1987,2011,25,1
Creedence Clearwater Revival,Green River,95,,,-406,1969,Blues/Blues Rock,1,88,74,4,Male,7776,1968,25,1
Kanye West,Late Registration,,118,117,384,2005,Hip-Hop/Rap,37,1,80,1,Male,1977,2004,28,1
Santana,Santana,150,149,,-351,1969,Blues/Blues Rock,16,4,43,6,Male,11683,1969,21.83333333,0
Quicksilver Messenger Service,Happy Trails,189,189,,-312,1969,Blues/Blues Rock,30,27,37,4,Male,7773,1968,25.75,1
Grateful Dead,Live/Dead,244,247,,-257,1969,Blues/Blues Rock,15,64,32,7,Male,13607,1967,25.14285714,2
Nick Drake,Five Leaves Left,283,,,-218,1969,,,201,59,1,Male,1948,1969,21,0
Sly & The Family Stone,Stand!,118,121,119,-1,1969,Soul/Gospel/R&B,102,13,57,10,Male/Female,19466,1967,22.4,2
The Velvet Underground,The Velvet Underground,314,316,143,171,1969,Punk/Post-Punk/New Wave/Power Pop,,201,41,4,Male/Female,7775,1967,25.25,2
Jefferson Airplane,Volunteers,370,373,,-131,1969,,44,13,35,6,Male/Female,11644,1966,28.33333333,3
John Lennon,Plastic Ono Band,22,23,85,-63,1970,,33,6,59,1,Male,1940,1968,30,2
Miles Davis,Bitches Brew,94,95,87,7,1970,Big Band/Jazz,29,35,39,1,Male,1926,1951,44,19
Neil Young,After the Gold Rush,71,74,90,-19,1970,,66,8,,1,Male,1945,1969,25,1
The Stooges,Fun House,191,191,94,97,1970,Punk/Post-Punk/New Wave/Power Pop,,201,42,5,Male,9740,1969,22,1
Van Morrison,Moondance,65,66,120,-55,1970,,24,29,65,1,Male,1945,1967,25,3
Black Sabbath,Paranoid,130,131,139,-9,1970,Hard Rock/Metal,65,12,68,4,Male,7793,1970,21.75,0
Simon & Garfunkel,Bridge Over Troubled Water,51,51,172,-121,1970,Country/Folk/Country Rock/Folk Rock,85,1,71,2,Male,3882,1964,29,6
James Taylor,Sweet Baby James,103,104,182,-79,1970,,102,3,65,1,Male,1948,1968,22,2
Cat Stevens,Tea for the Tillerman,206,208,205,1,1970,Country/Folk/Country Rock/Folk Rock,79,8,73,1,Male,1948,1967,22,3
Grateful Dead,American Beauty,258,261,215,43,1970,Country/Folk/Country Rock/Folk Rock,19,30,53,7,Male,13604,1967,26.57142857,3
"Crosby, Stills, Nash & Young",Deja vu,148,147,220,-72,1970,Country/Folk/Country Rock/Folk Rock,97,1,64,4,Male,7773,1969,26.75,1
Derek and the Dominos,Layla and Other Assorted Love Songs,115,117,226,-111,1970,Blues/Blues Rock,2,131,65,6,Male,11672,1970,24.66666667,0
Frank Ocean,Channel Orange,,,148,353,2012,Soul/Gospel/R&B,150,2,84,1,Male,1987,2012,25,0
The Who,Live at Leeds,170,170,327,-157,1970,Blues/Blues Rock,44,4,35,4,Male,7779,1965,25.25,5
Santana,Abraxas,205,207,334,-129,1970,Blues/Blues Rock,88,1,62,6,Male,11683,1969,22.83333333,1
The Beatles,Let It Be,86,392,342,-256,1970,,59,1,76,4,Male,7765,1963,28.75,7
Jay-Z,The Black Album,,349,155,346,2003,Hip-Hop/Rap,58,1,65,1,Male,1969,1996,34,7
Black Sabbath,Black Sabbath,241,243,355,-114,1970,Hard Rock/Metal,65,23,50,4,Male,7793,1970,21.75,0
George Harrison,All Things Must Pass,437,433,368,69,1970,Singer-Songwriter/Heartland Rock,41,1,63,1,Male,1943,1968,27,2
Grateful Dead,Workingman's Dead,262,264,409,-147,1970,Blues/Blues Rock,26,27,55,7,Male,13607,1967,26.14285714,3
Creedence Clearwater Revival,Cosmo's Factory,265,,413,-148,1970,Blues/Blues Rock,1,69,74,4,Male,7776,1968,26,2
The Meters,Look-Ka Py Py,218,220,415,-197,1970,Funk/Disco,2,198,36,4,Male,7778,1969,25.5,1
Randy Newman,12 Songs,354,356,,-147,1970,,16,4,25,1,Male,1943,1968,27,2
The Beach Boys,Sunflower,380,,,-121,1970,,4,151,47,6,Male,11657,1962,27.16666667,8
MC5,Back in the USA,451,446,,-50,1970,Punk/Post-Punk/New Wave/Power Pop,7,137,37,5,Male,9731,1969,23.8,1
Elton John,Tumbleweed Connection,463,458,,-38,1970,Singer-Songwriter/Heartland Rock,37,5,46,1,Male,1947,1969,23,1
Elton John,Elton John,468,,,-33,1970,Singer-Songwriter/Heartland Rock,51,4,52,1,Male,1947,1969,23,1
Robert Johnson,"King of the Delta Blues Singers, vol 2",424,,,-77,1970,,,201,49,1,Male,1911,1937,59,33
The Velvet Underground,Loaded,109,110,242,-133,1970,Punk/Post-Punk/New Wave/Power Pop,,201,50,4,Male/Female,7775,1967,26.25,3
Sly & The Family Stone,Greatest Hits,60,61,343,-283,1970,Funk/Disco,79,2,51,10,Male/Female,19466,1967,23.4,3
The Carpenters,Close to You,175,175,,-326,1970,,87,2,54,2,Male/Female,3896,1969,22,1
Joni Mitchell,Blue,30,30,3,27,1971,Country/Folk/Country Rock/Folk Rock,28,15,,1,Female,1943,1968,28,3
Carole King,Tapestry,36,36,25,11,1971,Singer-Songwriter/Heartland Rock,302,1,68,1,Female,1942,1970,29,1
Kendrick Lamar,DAMN,,,175,326,2017,Hip-Hop/Rap,342,1,85,1,Male,1987,2011,30,6
Dolly Parton,Coat of Many Colors,299,301,257,42,1971,Country/Folk/Country Rock/Folk Rock,,201,50,1,Female,1946,1967,25,4
Janis Joplin,Pearl,122,125,259,-137,1971,Blues/Blues ROck,42,1,27,1,Female,1943,1969,28,2
Marvin Gaye,What's Going On,6,6,1,5,1971,Soul/Gospel/R&B,48,6,68,1,Male,1939,1961,32,10
Led Zeppelin,Led Zeppelin IV,66,69,58,8,1971,Hard Rock/Metal,218,2,58,4,Male,7786,1969,24.5,2
The Who,Who's Next,28,28,77,-49,1971,,43,4,29,4,Male,7779,1965,26.25,6
David Bowie,Hunky Dory,107,108,88,19,1971,,16,93,66,1,Male,1947,1967,24,4
Rolling Stones,Sticky Fingers,63,64,104,-41,1971,Blues/Blues Rock,62,1,70,5,Male,9712,1964,28.6,7
D'Angelo,Brown Sugar,,,183,318,1995,Soul/Gospel/R&B,65,22,59,1,Male,1974,1995,21,0
The Allman Brothers Band,At Fillmore East,49,49,105,-56,1971,Blues/Blues Rock,47,13,46,6,Male,11675,1969,25.16666667,2
Funkadelic,Maggot Brain,486,479,136,350,1971,Funk/Disco,16,108,57,10,Male,19447,1970,26.3,1
Ice Cube,AmeriKKKa's Most Wanted,,,187,314,1990,Hip-Hop/Rap,26,19,53,1,Male,1969,1990,21,0
John Prince,John Prine,458,452,149,309,1971,Country/Folk/Country Rock/Folk Rock,3,154,54,1,Male,1946,1971,25,0
Rod Stewart,Every Picture Tells a Story,172,172,177,-5,1971,,52,1,62,1,Male,1945,1969,26,2
T. Rex,Electric Warrior,160,160,188,-28,1971,Blues/Blues Rock,34,32,34,4,Male,7790,1968,23.5,3
John Lennon,Imagine,76,80,223,-147,1971,,45,1,69,1,Male,1940,1968,31,3
Black Sabbath,Master of Reality,298,300,234,64,1971,Hard Rock/Metal,43,8,58,4,Male,7793,1970,22.75,1
Leonard Cohen,Songs of Love and Hate,,295,195,306,1970,Country/Folk/Country Rock/Folk Rock,11,145,53,1,Male,1934,1967,36,3
Nick Drake,Bryter Later,245,,,-256,1971,,,201,60,1,Male,1948,1969,23,2
Jethro Tull,Aqualung,337,337,,-164,1971,Blues/Blues Rock,76,7,62,5,Male,9733,1968,24.4,3
A Tribe Called Quest,Midnight Marauders,,,201,300,1993,Hip-Hop/Rap,29,8,61,4,Male,7890,1990,20.5,3
The Doors,L.A. Woman,362,364,,-139,1971,Blues/Blues Rock,34,9,68,4,Male,7772,1967,28,4
Kanye West,Graduation,,,204,297,2007,Hip-Hop/Rap,52,1,87,1,Male,1977,2004,30,3
Alice Cooper,Love It to Death,460,454,,-41,1971,Hard Rock/Metal,38,35,51,5,Male,9736,1969,23.8,2
Sly & The Family Stone,There's a Riot Goin' On,99,99,82,17,1971,Funk/Disco,31,1,47,10,Male/Female,19466,1967,24.4,4
Rolling Stones,Exile on Main St.,7,7,14,-7,1972,Blues/Blues Rock,43,1,61,5,Male,9712,1964,29.6,8
Lil Wayne,Tha Carter III,,437,208,293,2008,Hip-Hop/Rap,147,1,71,1,Male,1982,1999,26,9
David Bowie,The Rise and Fall of Ziggy Stardust and the Spiders From Mars,35,35,40,-5,1972,,72,75,73,1,Male,1947,1967,25,5
Stevie Wonder,Talking Book,90,90,59,31,1972,Soul/Gospel/R&B,109,3,67,1,Male,1950,1962,22,10
Joy Division,Unknown Pleasures,,,211,290,1980,Punk/Post-Punk/New Wave/Power Pop,,201,50,4,Male,7825,1979,23.75,1
Tom Petty,Wildflowers,,,214,287,1994,,75,5,65,1,Male,1950,1976,44,18
Neil Young,Harvest,78,82,72,6,1972,Country/Folk/Country Rock/Folk Rock,41,1,,1,Male,1945,1969,27,3
Elliott Smith,Either/Or,,,216,285,1997,,1,173,62,1,Male,1969,1994,28,3
Oasis,Definitely Maybe,,,217,284,1994,Indie/Alternative Rock,20,58,69,5,Male,9846,1994,24.8,0
Raekwon,Only Built 4 Cuban Linx,,480,219,282,1995,Hip-Hop/Rap,21,4,57,1,Male,1970,1995,25,0
Curtis Mayfield,Superfly,69,72,76,-7,1972,Soul/Gospel/R&B,46,1,54,1,Male,1942,1970,30,2
Lou Reed,Transformer,194,194,109,85,1972,,31,29,67,1,Male,1942,1972,30,0
Steely Dan,Can't Buy a Thrill,238,240,168,70,1972,,59,17,71,5,Male,9739,1972,24.2,0
Wilco,Yankee Hotel Foxtrot,,493,225,276,2002,,19,13,50,5,Male,9831,1995,35.8,7
Jimmy Cliff,The Harder They Come,119,122,174,-55,1972,Reggae,8,140,58,1,Male,1944,1967,28,5
Nick Drake,Pink Moon,320,321,203,117,1972,,,201,65,1,Male,1948,1969,24,3
De La Soul,De La Soul Is Dead,,,228,273,1991,Hip-Hop/Rap,17,26,46,3,Male,5907,1989,22,2
Eagles,Eagles,374,368,207,167,1972,Country/Folk/Country Rock/Folk Rock,49,22,72,4,Male,7788,1972,25,0
Elton John,Honky Chateau,357,359,251,106,1972,Singer-Songwriter/Heartland Rock,61,1,72,1,Male,1947,1969,25,3
Randy Newman,Sail Away,321,322,268,53,1972,,18,163,36,1,Male,1943,1968,29,4
Al Green,I'm Still in Love With You,285,286,306,-21,1972,Soul/Gospel/R&B,67,4,57,1,Male,1946,1967,26,5
Daft Punk,Discovery,,,236,265,2001,Electronic,28,23,74,2,Male,3949,1997,26.5,4
Stevie Wonder,Music of My Mind,284,285,350,-66,1972,Soul/Gospel/R&B,35,21,43,1,Male,1950,1962,22,10
Todd Rundgren,Something / Anything?,173,173,396,-223,1972,,48,29,53,1,Male,1948,1970,24,2
Paul Simon,Paul Simon,267,268,425,-158,1972,,36,4,63,1,Male,1941,1965,31,7
Big Star,#1 Record,438,434,474,-36,1972,Singer-Songwriter/Heartland Rock,,201,48,4,Male,7804,1972,21,0
Professor Longhair,New Orleans Piano,220,222,,-281,1972,,,201,27,1,Male,1918,1972,54,0
Kanye West,808s and Heartbreak,,,244,257,2008,Hip-Hop/Rap,39,1,78,1,Male,1977,2004,31,4
LL Cool J,Mama Said Knock You Out,,,246,255,1991,Hip-Hop/Rap,76,16,57,1,Male,1968,1985,23,6
Green Day,American Idiot,,225,248,253,2004,Punk/Post-Punk/New Wave/Power Pop,101,1,78,3,Male,5916,1990,32,14
The Kinks,The Kink Kronikles,231,232,,-270,1972,,13,94,40,4,Male,7778,1964,27.5,8
The O'Jays,Back Stabbers,318,318,,-183,1972,Soul/Gospel/R&B,,201,62,3,Male,5827,1965,29.66666667,7
Dr. John,Dr. John's Gumbo,402,404,,-99,1972,Blues/Blues Rock,11,112,38,1,Male,1941,1968,31,4
War,The World Is a Ghetto,449,444,,-52,1972,,68,1,35,7,Male,13607,1970,28.14285714,2
Herbie Hancock,Head Hunters,,,254,247,1973,Big Band/Jazz,47,13,50,1,Male,1940,1962,33,11
Mott the Hoople,All the Young Dudes,491,484,,-10,1972,,19,89,53,5,Male,9722,1969,27.6,3
Beastie Boys,Check Your Head,,,261,240,1992,Hip-Hop/Rap,35,10,55,3,Male,5895,1986,27,6
New Order,"Power, Corruption & Lies",,,262,239,1983,Punk/Post-Punk/New Wave/Power Pop,,201,57,4,Male,7830,1981,25.5,2
Simon & Garfunkel,Greatest Hits,293,,,-208,1972,,180,5,54,2,Male,3882,1964,31,8
Stevie Wonder,Innervisions,23,24,34,-11,1973,Funk/Disco,89,4,62,1,Male,1950,1962,23,11
Pavement,Wowee Zowee,,,265,236,1995,Indie/Alternative Rock,1,117,52,5,Male,9827,1992,29.6,3
Pink Floyd,The Dark Side of the Moon,43,43,55,-12,1973,,741,1,76,4,Male,7776,1967,29,6
Elton John,Goodbye Yellow Brick Road,91,91,112,-21,1973,Singer-Songwriter/Heartland Rock,91,1,74,1,Male,1947,1969,26,4
Led Zeppelin,Houses of the Holy,149,148,278,-129,1973,Hard Rock/Metal,88,1,64,4,Male,7786,1969,26.5,4
Kanye West,Yeezus,,,269,232,2013,Hip-Hop/Rap,36,1,80,1,Male,1977,2004,36,9
New York Dolls,New York Dolls,213,215,301,-88,1973,Punk/Post-Punk/New Wave/Power Pop,12,116,47,5,Male,9748,1973,23.4,0
Toots & The Maytals,Funky Kingston,378,380,344,34,1973,Reggae,13,164,51,7,Male,13608,1964,29,9
Curtis Mayfield,Curtis,,,275,226,1970,Soul/Gospel/R&B,49,19,20,1,Male,1942,1970,28,0
Bruce Springsteen,"The Wild, the Innocent & the E Street Shuffle",132,133,345,-213,1973,Singer-Songwriter/Heartland Rock,29,59,46,1,Male,1949,1973,24,0
Roxy Music,For Your Pleasure,394,396,351,43,1973,Punk/Post-Punk/New Wave/Power Pop,2,193,41,6,Male,11688,1972,25,1
Lynyrd Skynyrd,(pronounced 'leh-'nerd 'skin-'nerd),401,403,381,20,1973,Country/Folk/Country Rock/Folk Rock,76,27,73,10,Male,19502,1973,22.8,0
50 Cent,Get Rich or Die Tryin',,,280,221,2003,Hip-Hop/Rap,82,1,75,1,Male,1975,2003,28,0
Harry Nilsson,Nilsson Schmilsson,,,281,220,1971,,4,166,60,1,Male,1941,1966,30,5
Marvin Gaye,Let's Get It On,165,165,422,-257,1973,Soul/Gospel/R&B,54,2,62,1,Male,1939,1961,34,12
Merle Haggard,Down Every Road,,477,284,217,1996,Country/Folk/Country Rock/Folk Rock,,201,50,1,Male,1937,1965,59,31
Al Green,Call Me,289,290,427,-138,1973,Soul/Gospel/R&B,41,10,45,1,Male,1946,1967,27,6
The Stooges,Raw Power,125,128,,-376,1973,Punk/Post-Punk/New Wave/Power Pop,3,182,44,4,Male,7793,1969,24.75,4
The Who,Quadrophenia,266,267,,-235,1973,,56,2,48,4,Male,7779,1965,28.25,8
David Bowie,Aladdin Sane,277,279,,-224,1973,,22,17,56,1,Male,1947,1967,26,6
OutKast,Speakerboxxx/The Love Below,,,290,211,2003,Hip-Hop/Rap,56,1,75,2,Male,3950,1994,28,9
Bob Marley,Burnin',319,319,,-182,1973,Reggae,6,151,58,6,Male,11685,1965,25.5,8
Lou Reed,Berlin,344,344,,-157,1973,,11,98,38,1,Male,1942,1972,31,1
Daft Punk,Random Access Memories,,,295,206,2013,Electronic,53,1,74,2,Male,3949,1997,38.5,16
Mott the Hoople,Mott,366,370,,-135,1973,,29,35,33,4,Male,7778,1969,28.5,4
Bruce Springsteen,"Greetings from Asbury Park, NJ",379,,,-122,1973,Singer-Songwriter/Heartland Rock,36,60,46,1,Male,1949,1973,24,0
Tom Petty,Full Moon Fever,,,298,203,1989,,75,3,74,1,Male,1950,1976,39,13
Jackson Browne,For Everyman,457,450,,-44,1973,,38,43,49,1,Male,1948,1972,25,1
ZZ Top,Tres Hombres,498,490,,-3,1973,Blues/Blues Rock,81,8,68,3,Male,5847,1971,24,2
Bob Marley,Catch a Fire,123,126,140,-17,1973,Reggae,5,171,61,7,Male/Female,13627,1965,26.28571429,8
Bill Withers,Just As I Am,,,304,197,1971,Soul/Gospel/R&B,33,39,75,1,Male,1938,1971,33,0
Sly & The Family Stone,Fresh,186,186,,-315,1973,Funk/Disco,33,7,58,11,Male/Female,21410,1967,26.63636364,6
Paul McCartney,Band on the Run,418,418,,-83,1973,,116,1,65,5,Male/Female,9713,1970,30.4,3
Joni Mitchell,Court and Spark,111,113,110,1,1974,,64,2,,1,Female,1943,1968,31,6
LaBelle,Nightbirds,272,274,,-229,1974,Soul/Gospel/R&B,28,7,51,3,Female,5833,1963,29.66666667,11
Brian Eno,Here Come the Warm Jets,436,432,308,128,1974,,6,151,41,1,Male,1948,1974,26,0
Big Star,Radio City,403,405,359,44,1974,Singer-Songwriter/Heartland Rock,,201,37,3,Male,5853,1972,23,2
Neil Young,On the Beach,,,311,190,1974,,18,16,,1,Male,1945,1969,29,5
Elton John,Greatest Hits,135,136,,-366,1974,Singer-Songwriter/Heartland Rock,104,1,,1,Male,1947,1969,27,5
The Stone Roses,The Stone Roses,,498,319,182,1989,Indie/Alternative Rock,26,86,65,4,Male,7851,1989,26.25,0
The Meters,Rejuvenation,138,139,,-363,1974,Funk/Disco,,201,45,4,Male,7778,1969,29.5,5
Bob Marley,Natty Dread,182,181,,-319,1974,Reggae,28,92,57,1,Male,1945,1965,29,9
Barry White,Can't Get Enough,281,283,,-220,1974,Soul/Gospel/R&B,38,1,62,1,Male,1944,1973,30,1
Tom Waits,The Heart of Saturday Night,339,339,,-162,1974,,,201,47,1,Male,1949,1973,25,1
Jackson Browne,Late for the Sky,372,375,,-129,1974,,29,14,45,1,Male,1948,1972,26,2
Steely Dan,Pretzel Logic,385,386,,-116,1974,,36,8,59,5,Male,9739,1972,26.2,2
Vampire Weekend,Modern Vampires of the City,,,328,173,2013,Indie/Alternative Rock,55,1,59,4,Male,7935,2008,29.25,5
DJ Shadow,Entroducing,,,329,172,1996,,,201,55,1,Male,1972,1996,24,0
Roxy Music,Country Life,387,,,-114,1974,Punk/Post-Punk/New Wave/Power Pop,15,37,37,6,Male,11690,1972,25.66666667,2
Randy Newman,Good Old Boys,393,394,,-108,1974,,23,36,35,1,Male,1943,1968,31,6
Bill Withers,Still Bill,,,333,168,1972,Soul/Gospel/R&B,43,4,66,1,Male,1938,1971,34,1
Eric Clapton,461 Ocean Boulevard,409,411,,-92,1974,Blues/Blues Rock,25,1,34,1,Male,1945,1970,29,4
Gram Parsons,Grievous Angel,429,425,,-72,1974,Country/Folk/Country Rock/Folk Rock,3,195,44,1,Male,1946,1973,28,1
Richard & Linda Thompson,I Want to See the Bright Lights Tonight,479,471,485,-6,1974,,,201,38,2,Male/Female,3896,1974,26,0
Patti Smith,Horses,44,44,26,18,1975,Punk/Post-Punk/New Wave/Power Pop,17,47,33,1,Female,1946,1975,29,0
Linda Ronstadt,Heart Like a Wheel,164,,490,-326,1975,,51,1,57,1,Female,1946,1969,29,6
Snoop Dogg,Doggystyle,,,340,161,1993,Hip-Hop/Rap,72,1,72,1,Male,1971,1993,22,0
Bob Dylan,Blood on the Tracks,16,16,9,7,1975,Country/Folk/Country Rock/Folk Rock,24,1,59,1,Male,1941,1962,34,13
Bruce Springsteen,Born to Run,18,18,21,-3,1975,Singer-Songwriter/Heartland Rock,110,3,65,1,Male,1949,1973,26,2
Queen,A Night at the Opera,230,231,128,102,1975,,56,4,40,4,Male,7793,1973,26.75,2
Arctic Monkeys,AM,,,346,155,2013,Indie/Alternative Rock,275,6,91,4,Male,7942,2006,27.5,7
GZA,Liquid Swords,,,347,154,1995,Hip-Hop/Rap,24,9,60,1,Male,1966,1991,29,4
Led Zeppelin,Physical Graffiti,70,73,144,-74,1975,Hard Rock/Metal,28,1,49,4,Male,7786,1969,28.5,6
Willie Nelson,Red Headed Stranger,184,183,237,-53,1975,Country/Folk/Country Rock/Folk Rock,43,28,53,1,Male,1933,1962,42,13
Pink Floyd,Wish You Were Here,209,211,264,-55,1975,,39,1,70,4,Male,7776,1967,31,8
Neil Young,Tonight's the Night,331,330,302,29,1975,,12,25,,1,Male,1945,1969,30,6
KISS,Alive!,159,159,305,-146,1975,Hard Rock/Metal,9,110,44,4,Male,7797,1974,25.75,1
Bob Dylan,The Basement Tapes,291,292,335,-44,1975,Country/Folk/Country Rock/Folk Rock,14,7,44,1,Male,1941,1962,34,13
Brian Eno,Another Green World,433,429,338,95,1975,,,201,49,1,Male,1948,1974,27,1
Parliament,Mothership Connection,274,276,363,-89,1975,Funk/Disco,37,13,57,12,Male,23368,1970,27.66666667,5
"Earth, Wind & Fire",That's the Way of the World,493,486,420,73,1975,Funk/Disco,55,1,65,8,Male,15620,1971,22.5,4
Al Green,Greatest Hits,52,52,456,-404,1975,Soul/Gospel/R&B,21,17,43,1,Male,1946,1967,29,8
My Chemical Romance,The Black Parade,,,361,140,2006,Punk/Post-Punk/New Wave/Power Pop,58,2,80,5,Male,9894,2002,27.2,4
Luther Vandross,Never Too Much,,,362,139,1981,Funk/Disco,36,19,64,1,Male,1951,1981,30,0
Elton John,Captain Fantastic and the Brown Dirt Cowboy,158,158,,-343,1975,Singer-Songwriter/Heartland Rock,43,1,54,1,Male,1947,1969,28,6
Madvillain,Madvillainy,,,365,136,2004,Hip-Hop/Rap,1,179,73,2,Male,3944,2004,32,0
Aerosmith,Toys in the Attic,228,229,,-273,1975,Hard Rock/Metal,128,11,72,5,Male,9751,1973,24.8,2
Drake,If You're Reading This It's Too Late,,,367,134,2015,Hip-Hop/Rap,201,1,77,1,Male,1986,2010,29,5
Roxy Music,Siren,371,374,,-130,1975,Punk/Post-Punk/New Wave/Power Pop,20,50,49,6,Male,11690,1972,26.66666667,3
Mobb Deep,The Infamous,,,369,132,1995,Hip-Hop/Rap,18,18,71,2,Male,3948,1993,21,2
Lil Wayne,Tha Carter II,,,370,131,2005,Hip-Hop/Rap,43,2,63,1,Male,1982,1999,23,6
Fleetwood Mac,Fleetwood Mac,183,182,,-318,1975,Singer-Songwriter/Heartland Rock,166,1,50,5,Male/Female,9732,1968,28.6,7
Isaac Hayes,Hot Buttered Soul,,,373,128,1969,Soul/Gospel/R&B,81,8,34,1,Male,1942,1968,27,1
Stevie Wonder,Songs in the Key of Life,56,57,4,52,1976,Soul/Gospel/R&B,77,1,70,1,Male,1950,1962,26,14
Ramones,Ramones,33,33,47,-14,1976,Punk/Post-Punk/New Wave/Power Pop,18,111,41,4,Male,7799,1976,26.25,0
Neutral Milk Hotel,In the Aeroplane Over the Sea,,,376,125,1998,Indie/Alternative Rock,,201,63,4,Male,7883,1996,27.25,2
David Bowie,Station to Station,323,324,52,271,1976,,32,3,55,1,Male,1947,1967,29,9
Rush,Moving Pictures,,,379,122,1981,Hard Rock/Metal,68,3,65,3,Male,5858,1974,28.33333333,7
Charles Mingus,Mingus Ah Um,,,380,121,1959,Big Band/Jazz,,201,34,1,Male,1922,1953,37,6
Elvis Presley,The Sun Sessions,11,11,78,-67,1976,Rock n' Roll/Rhythm & Blues,11,76,,1,Male,1935,1956,41,20
Tame Impala,Currents,,,382,119,2015,Indie/Alternative Rock,132,4,84,1,Male,1986,2010,29,5
Eagles,Hotel California,37,37,118,-81,1976,Country/Folk/Country Rock/Folk Rock,158,1,76,5,Male,9735,1972,29,4
The Modern Lovers,The Modern Lovers,381,382,288,93,1976,,,201,45,4,Male,7799,1972,26.25,4
Aerosmith,Rocks,176,176,366,-190,1976,Hard Rock/Metal,53,3,55,5,Male,9751,1973,25.8,3
J Dilla,Donuts,,,386,115,2006,Hip-Hop/Rap,,201,65,1,Male,1974,2001,32,5
Radiohead,In Rainbows,,336,387,114,2007,Indie/Alternative Rock,52,1,76,5,Male,9843,1993,38.4,14
D'Angelo,Black Messiah,,,395,106,2014,Soul/Gospel/R&B,15,5,51,1,Male,1974,1995,40,19
Bob Dylan,Desire,174,174,,-327,1976,Country/Folk/Country Rock/Folk Rock,35,1,58,1,Male,1941,1962,35,14
Brian Wilson,Smile,,,399,102,2004,,17,13,36,1,Male,1942,1988,62,16
Fela Kuti,Expensive Shit,,,402,99,1975,Afrobeat,,201,35,1,Male,1938,1970,37,5
Ghostface Killah,Supreme Clientele,,,403,98,2000,Hip-Hop/Rap,19,7,47,1,Male,1970,1996,30,4
Jackson Browne,The Pretender,391,391,,-110,1976,,,201,46,1,Male,1948,1972,28,4
Mot√∂rhead,Ace of Spades,,,408,93,1980,Hard Rock/Metal,,201,45,3,Male,5849,1977,30.33333333,3
David Bowie,ChangesOneBowie,425,,,-76,1976,,39,10,39,1,Male,1947,1967,29,9
The Beach Boys,Wild Honey,,,410,91,1967,,15,24,47,6,Male,11657,1962,24.16666667,5
Steve Miller,Fly Like an Eagle,450,445,,-51,1976,Blues/Blues Rock,97,3,72,1,Male,1943,1968,33,8
KISS,Destroyer,496,489,,-5,1976,Hard Rock/Metal,78,11,55,4,Male,7797,1974,26.75,2
Steely Dan,Aja,145,145,63,82,1977,,60,3,57,2,Male,3898,1972,28,5
The Roots,Things Fall Apart,,,416,85,1999,Hip-Hop/Rap,18,4,58,8,Male,15755,1993,29.625,6
Bob Marley,Exodus,169,169,71,98,1977,Reggae,24,20,75,1,Male,1945,1965,32,12
Sex Pistols,Never Mind the Bollocks Here's the Sex Pistols,41,41,80,-39,1977,Punk/Post-Punk/New Wave/Power Pop,12,106,51,5,Male,9780,1977,21,0
Eric Church,Chief,,,419,82,2011,Country/Folk/Country Rock/Folk Rock,154,1,71,1,Male,1977,2006,34,5
The Clash,The Clash,77,81,102,-25,1977,Punk/Post-Punk/New Wave/Power Pop,6,126,54,5,Male,9773,1977,22.4,0
Television,Marquee Moon,128,130,107,21,1977,Punk/Post-Punk/New Wave/Power Pop,,201,50,4,Male,7798,1977,27.5,0
Bee Gees,Saturday Night Fever: The Original Movie Sound Track,131,132,163,-32,1977,Funk/Disco,133,1,58,3,Male,5844,1965,29,12
Billy Joel,The Stranger,67,70,169,-102,1977,Singer-Songwriter/Heartland Rock,137,2,55,1,Male,1949,1971,28,6
David Bowie,Low,249,251,206,43,1977,,19,11,56,1,Male,1947,1967,30,10
Kraftwerk,Trans-Europe Express,253,256,238,15,1977,Electronic,119,10,38,4,Male,7792,1970,29,7
Four Tops,Reach Out,,,429,72,1967,Soul/Gospel/R&B,21,11,58,4,Male,7745,1965,30.75,2
Wire,Pink Flag,410,412,310,100,1977,Punk/Post-Punk/New Wave/Power Pop,,201,57,4,Male,7804,1977,26,0
Ramones,Rocket to Russia,105,106,385,-280,1977,Punk/Post-Punk/New Wave/Power Pop,25,49,37,4,Male,7799,1976,27.25,1
Usher,Confessions,,,432,69,2004,Soul/Gospel/R&B,103,1,79,1,Male,1978,1994,26,10
Elvis Costello,My Aim Is True,168,168,430,-262,1977,Punk/Post-Punk/New Wave/Power Pop,36,32,54,1,Male,1954,1977,23,0
Pet Shop Boys,Actually,,,435,66,1987,Electronic,45,25,31,2,Male,3913,1986,30.5,1
2Pac,All Eyez on Me,,,436,65,1996,Hip-Hop/Rap,100,1,79,1,Male,1971,1991,25,5
Primal Scream,Screamadelica,,,437,64,1991,Indie/Alternative Rock,,201,41,6,Male,11780,1987,27.66666667,4
Blur,Parklife,,,438,63,1994,Indie/Alternative Rock,,201,48,4,Male,7869,1991,26.75,3
James Brown,Sex Machine,,,439,62,1970,Funk/Disco,31,29,26,1,Male,1933,1958,37,12
The Weeknd,Beauty Behind the Madness,,,442,59,2015,,294,1,85,1,Male,1990,2013,25,2
David Bowie,Scary Monsters,,,443,58,1980,,27,12,58,1,Male,1947,1967,33,13
Yes,Close to the Edge,,,445,56,1972,,32,3,31,5,Male,9737,1969,24.6,3
Bad Bunny,X 100pre,,,447,54,2018,Latin,177,11,82,1,Male,1994,2018,24,0
Suicide,Suicide,446,441,498,-52,1977,Punk/Post-Punk/New Wave/Power Pop,,201,41,2,Male,3885,1977,34.5,0
Paul McCartney,Ram,,,450,51,1971,Indie/Alternative Rock,42,2,43,1,Male,1942,1970,29,1
Nine Inch Nails,Pretty Hate Machine,,,453,48,1989,Indie/Alternative Rock,113,75,57,1,Male,1965,1989,24,0
Can,Ege Bamyasi,,,454,47,1972,,,201,40,5,Male,9711,1969,29.8,3
Eric Clapton,Slowhand,325,325,,-176,1977,Blues/Blues Rock,74,2,37,1,Male,1945,1970,32,7
Meat Loaf,Bat Out of Hell,343,343,,-158,1977,,82,14,63,1,Male,1947,1977,30,0
Jason Isbell,Southeastern,,,458,43,2013,Country/Folk/Country Rock/Folk Rock,14,23,53,1,Male,1979,2007,34,6
Kid Cudi,Man on the Moon: The End of the Day,,,459,42,2009,Hip-Hop/Rap,297,4,32,1,Male,1984,2009,25,0
Bon Iver,"For Emma, Forever Ago",,,461,40,2008,Indie/Alternative Rock,64,21,70,1,Male,1981,2008,27,0
Cheap Trick,In Color,448,443,,-53,1977,Punk/Post-Punk/New Wave/Power Pop,12,73,58,4,Male,7801,1977,26.75,0
The Isley Brothers,3 + 3,,,464,37,1973,Funk/Disco,37,8,51,6,Male,11673,1959,27.5,14
King Sunny Ade,Best of the Classic Years,,,465,36,2003,Afrobeat,,201,28,1,Male,1946,1982,57,21
Fleetwood Mac,Rumours,25,26,7,18,1977,Singer-Songwriter/Heartland Rock,134,1,79,5,Male/Female,9732,1968,30.6,9
Maxwell,BLACKsummers'night,,,467,34,2009,Soul/Gospel/R&B,53,1,54,1,Male,1973,1996,36,13
Talking Heads,Talking Heads: 77,290,291,,-211,1977,Punk/Post-Punk/New Wave/Power Pop,29,97,51,4,Male/Female,7802,1977,26.5,0
Manu Chao,Clandestino,,,469,32,1998,Latin,,201,68,1,Male,1961,1998,37,0
Juvenile,400 Degreez,,,470,31,1998,Hip-Hop/Rap,100,9,58,1,Male,1975,1995,23,3
Daddy Yankee,Barrio Fino,,,473,28,2004,Latin,54,26,80,1,Male,1977,1995,27,9
Bruce Springsteen,Darkness on the Edge of Town,151,150,91,60,1978,Singer-Songwriter/Heartland Rock,97,5,57,1,Male,1949,1973,29,5
Sparks,Kimono My House,,,476,25,1974,,14,101,44,5,Male,9749,1971,24.2,3
Elvis Costello,This Year's Model,98,98,121,-23,1978,Punk/Post-Punk/New Wave/Power Pop,17,30,52,1,Male,1954,1977,24,1
Buddy Holly,20 Golden Greats,92,92,166,-74,1978,Rock n' Roll/Rhythm & Blues,12,55,29,1,Male,1936,1957,42,21
The Pharcyde,Bizarre Ride II the Pharcyde,,,482,19,1992,Hip-Hop/Rap,19,75,61,5,Male,9850,1992,22,0
DEVO,Q: Are We Not Men? A: We Are Devo!,447,442,252,195,1978,Punk/Post-Punk/New Wave/Power Pop,18,78,48,5,Male,9756,1978,26.8,0
John Mayer,Continuum,,,486,15,2006,Blues/Blues Rock,128,2,74,1,Male,1977,2001,29,5
Big Star,Third/Sister Lovers,456,449,285,171,1978,Singer-Songwriter/Heartland Rock,,201,30,2,Male,3902,1972,27,6
Van Halen,Van Halen,415,415,292,123,1978,Hard Rock/Metal,126,19,70,4,Male,7816,1978,24,0
Cars,The Cars,282,284,353,-71,1978,Punk/Post-Punk/New Wave/Power Pop,136,18,67,5,Male,9745,1978,29,0
Harry Styles,Fine Line,,,491,10,2019,Indie/Alternative Rock,203,1,87,1,Male,1994,2017,25,2
Funkadelic,One Nation Under a Groove,177,177,360,-183,1978,Funk/Disco,22,16,,9,Male,17541,1970,29,8
Boyz II Men,II,,,495,6,1991,Soul/Gospel/R&B,99,1,56,4,Male,7887,1991,19.25,0
Rolling Stones,Some Girls,269,270,468,-199,1978,Blues/Blues Rock,82,1,70,5,Male,9710,1964,36,14
Marvin Gaye,"Here, My Dear",462,456,493,-31,1978,Soul/Gospel/R&B,26,21,38,1,Male,1939,1961,39,17
Willie Nelson,Stardust,257,260,,-244,1978,Big Band/Jazz,117,30,48,1,Male,1933,1962,45,16
Billy Joel,52nd Street,352,354,,-149,1978,Singer-Songwriter/Heartland Rock,76,1,69,1,Male,1949,1971,29,7
Cheap Trick,Cheap Trick at Budokan,430,426,,-71,1978,Punk/Post-Punk/New Wave/Power Pop,53,4,44,4,Male,7801,1977,27.75,1
The Police,Outlandos d'Amour,434,428,,-67,1978,Punk/Post-Punk/New Wave/Power Pop,63,23,73,3,Male,5845,1978,29.66666667,0
Blondie,Parallel Lines,140,140,146,-6,1978,Punk/Post-Punk/New Wave/Power Pop,103,6,61,6,Male/Female,11705,1976,27.16666667,2
Talking Heads,More Songs About Buildings and Food,382,383,364,18,1978,Punk/Post-Punk/New Wave/Power Pop,42,29,42,4,Male/Female,7802,1977,27.5,1
The Clash,London Calling,8,8,16,-8,1979,Punk/Post-Punk/New Wave/Power Pop,33,27,68,4,Male,7817,1977,24.75,2
Michael Jackson,Off the Wall,68,68,36,32,1979,Funk/Disco,169,3,73,1,Male,1958,1972,21,7
Pink Floyd,The Wall,87,87,129,-42,1979,,115,1,76,4,Male,7776,1967,35,12
Tom Petty,Damn the Torpedoes,314,315,231,83,1979,,67,2,37,5,Male,9756,1976,27.8,3
Buzzcocks,Singles Going Steady,358,360,250,108,1979,Punk/Post-Punk/New Wave/Power Pop,,201,47,5,Male,9783,1978,22.4,1
Gang of Four,Entertainment!,490,483,273,217,1979,Punk/Post-Punk/New Wave/Power Pop,,201,46,4,Male,7822,1979,23.5,0
Neil Young,Rust Never Sleeps,350,351,296,54,1979,,39,8,,1,Male,1945,1969,34,10
AC/DC,Highway to Hell,199,200,,-302,1979,Hard Rock/Metal,83,17,76,5,Male,9757,1975,27.6,4
Pulp,Different Class,,,162,339,1995,Punk/Post-Punk/New Wave/Power Pop,,201,64,6,Male/Female,11788,1983,30.33333333,12
Graham Parker,Squeezing Out Sparks,335,334,,-166,1979,,24,40,24,1,Male,1950,1976,29,3
The Police,Reggatta de Blanc,369,372,,-132,1979,Punk/Post-Punk/New Wave/Power Pop,100,25,70,3,Male,5845,1978,30.66666667,1
The Cure,Boys Don't Cry,442,438,,-59,1979,Punk/Post-Punk/New Wave/Power Pop,19,55,,3,Male,5876,1979,20.33333333,0
Public Image Ltd.,Metal Box,469,461,,-32,1979,Punk/Post-Punk/New Wave/Power Pop,,201,24,4,Male,7823,1978,23.25,1
Cocteau Twins,Heaven or Las Vegas,,,245,256,1990,,19,99,68,3,Male/Female,5887,1982,27.66666667,8
The Slits,Cut,,,260,241,1979,Punk/Post-Punk/New Wave/Power Pop,,201,35,4,Male/Female,7832,1979,21,0
Elvis Costello,Armed Forces,482,475,,-19,1979,Punk/Post-Punk/New Wave/Power Pop,25,10,49,1,Male,1954,1977,25,2
The Breeders,Last Splash,,,293,208,1993,,36,33,63,4,Male/Female,7851,1990,30.25,3
The B-52s,The B 52's / Play Loud,152,152,198,-46,1979,Punk/Post-Punk/New Wave/Power Pop,74,59,53,5,Male/Female,9762,1979,26.6,0
AC/DC,Back in Black,73,77,84,-11,1980,Hard Rock/Metal,92,4,80,5,Male,9758,1975,28.4,5
Joy Division,Closer,157,157,309,-152,1980,Punk/Post-Punk/New Wave/Power Pop,,201,44,4,Male,7825,1979,23.75,1
The Clash,Sandinista!,404,407,323,81,1980,Punk/Post-Punk/New Wave/Power Pop,20,24,53,4,Male,7817,1977,25.75,3
X-Ray Spex,Germ Free Adolescents,,,354,147,1978,Punk/Post-Punk/New Wave/Power Pop,,201,49,5,Male/Female,9780,1978,22,0
Sonic Youth,Goo,,,358,143,1990,Punk/Post-Punk/New Wave/Power Pop,15,96,55,4,Male/Female,7829,1983,32.75,7
Prince,Dirty Mind,204,206,326,-122,1980,,52,45,40,1,Male,1958,1978,22,2
Bruce Springsteen,The River,250,253,,-251,1980,Singer-Songwriter/Heartland Rock,107,1,64,1,Male,1949,1973,31,7
Yeah Yeah Yeahs,Fever to Tell,,,377,124,2003,Punk/Post-Punk/New Wave/Power Pop,28,55,45,3,Male/Female,5930,2003,26.33333333,0
U2,Boy,417,417,,-84,1980,Punk/Post-Punk/New Wave/Power Pop,48,63,38,4,Male,7842,1980,19.5,0
Talking Heads,Remain in Light,126,129,39,87,1980,Punk/Post-Punk/New Wave/Power Pop,27,19,50,4,Male/Female,7802,1977,29.5,3
Blondie,Blondie,,,401,100,1977,Punk/Post-Punk/New Wave/Power Pop,,201,41,5,Male/Female,9758,1976,25.4,1
The Magnetic Fields,69 Love Songs,,465,406,95,1999,,,201,57,4,Male/Female,7870,1991,31.5,8
Pretenders,Pretenders,155,155,152,3,1980,Punk/Post-Punk/New Wave/Power Pop,78,9,53,4,Male/Female,7810,1979,27.5,1
Chic,Risque,,,414,87,1979,Funk/Disco,17,5,49,5,Male/Female,9760,1977,27,2
Yo La Tengo,I Can Hear the Heart Beating as One,,,423,78,1997,,,201,58,3,Male/Female,5886,1986,35,11
LCD Soundsystem,Sound of Silver,,395,433,68,2007,Punk/Post-Punk/New Wave/Power Pop,3,46,55,5,Male/Female,9873,2005,32.4,2
X,Los Angeles,286,287,320,-34,1980,Punk/Post-Punk/New Wave/Power Pop,,201,37,4,Male/Female,7812,1980,27,0
The Go-Go's,Beauty and the Beat,413,414,400,13,1981,Punk/Post-Punk/New Wave/Power Pop,72,1,56,5,Female,9785,1981,24,0
Belle & Sebastian,If You're Feeling Sinister,,,481,20,1996,,,201,45,8,Male/Female,15774,1996,24.25,0
Black Flag,Damaged,340,340,487,-147,1981,Punk/Post-Punk/New Wave/Power Pop,,201,51,5,Male,9785,1981,24,0
Rufus,Ask Rufus,,,499,2,1977,Funk/Disco,25,12,37,6,Male/Female,11706,1973,26,4
Arcade Fire,Funeral,,151,500,1,2004,Indie/Alternative Rock,15,123,61,6,Male/Female,11862,2004,27,0
Rolling Stones,Tattoo You,211,213,,-290,1981,Blues/Blues Rock,58,1,70,5,Male,9710,1964,39,17
Various Artists,The Indestructible Beat of Soweto,,388,497,4,1985,,,201,25,,,,,,
Robert Johnson,The Complete Recordings,,22,,-501,1990,Blues/Blues Rock,31,80,32,1,Male,1911,1937,79,53
The Police,Ghost in the Machine,322,323,,-179,1981,Punk/Post-Punk/New Wave/Power Pop,109,2,68,3,Male,5845,1978,32.66666667,3
Echo and The Bunnymen,Heaven Up Here,471,463,,-30,1981,Punk/Post-Punk/New Wave/Power Pop,2,184,24,4,Male,7836,1980,22,1
X,Wild Gift,334,333,,-167,1981,Punk/Post-Punk/New Wave/Power Pop,5,165,34,4,Male/Female,7812,1980,28,1
Michael Jackson,Thriller,20,20,12,8,1982,Soul/Gospel/R&B,122,1,77,1,Male,1958,1972,24,10
Chuck Berry,The Great Twenty-Eight,21,21,51,-30,1982,Rock n' Roll/Rhythm & Blues,,201,33,1,Male,1926,1957,56,25
Prince,1999,163,163,130,33,1982,,153,9,52,1,Male,1958,1978,24,4
Bruce Springsteen,Nebraska,224,226,150,74,1982,Country/Folk/Country Rock/Folk Rock,29,3,51,1,Male,1949,1973,33,9
Roxy Music,Avalon,307,,336,-29,1982,Punk/Post-Punk/New Wave/Power Pop,27,53,62,3,Male,5842,1972,34.66666667,10
Elvis Costello,Imperial Bedroom,166,166,,-335,1982,Punk/Post-Punk/New Wave/Power Pop,24,30,42,1,Male,1954,1977,28,5
Richard & Linda Thompson,Shoot Out the Lights,333,332,,-168,1982,,,201,26,2,Male/Female,3896,1974,34,8
Cyndi Lauper,She's So Unusual,494,487,184,310,1983,Punk/Post-Punk/New Wave/Power Pop,96,4,75,1,Female,1953,1983,30,0
The Police,Synchronicity,455,448,159,296,1983,Punk/Post-Punk/New Wave/Power Pop,75,1,79,3,Male,5845,1978,34.66666667,5
R.E.M.,Murmur,197,197,165,32,1983,Punk/Post-Punk/New Wave/Power Pop,30,36,42,4,Male,7832,1983,25,0
U2,War,221,223,,-280,1983,Punk/Post-Punk/New Wave/Power Pop,180,12,65,4,Male,7842,1980,22.5,3
Def Leppard,Pyromania,384,,,-117,1983,Hard Rock/Metal,116,2,66,6,Male,11759,1980,23.16666667,3
ZZ Top,Eliminator,396,398,,-105,1983,Blues/Blues Rock,183,9,69,3,Male,5847,1971,34,12
Eurythmics,Touch,500,492,,-1,1983,Punk/Post-Punk/New Wave/Power Pop,43,7,37,2,Male/Female,3906,1981,30,2
Bob Marley,Legend: The Best of Bob Marley and The Wailers,46,46,48,-2,1984,Reggae,36,54,56,1,Male,1945,1965,39,19
Hank Williams,40 Greatest Hits,129,94,132,-3,1984,Country/Folk/Country Rock/Folk Rock,15,152,42,1,Male,1923,1951,61,33
Bruce Springsteen,Born in the U.S.A.,85,86,142,-57,1984,Singer-Songwriter/Heartland Rock,139,1,77,1,Male,1949,1973,35,11
The Replacements,Let It Be,239,241,156,83,1984,Punk/Post-Punk/New Wave/Power Pop,,201,30,4,Male,7845,1981,22.75,3
Minutemen,Double Nickels on the Dime,411,413,267,144,1984,,,201,52,3,Male,5873,1981,26.33333333,3
Run-DMC,Run D.M.C.,240,242,378,-138,1984,Hip-Hop/Rap,65,53,26,3,Male,5893,1984,19.66666667,0
Los Lobos,How Will the Wolf Survive?,461,455,431,30,1984,Blues/Blues Rock,34,47,35,5,Male,9767,1978,30.6,6
The Smiths,The Smiths,481,473,,-20,1984,Punk/Post-Punk/New Wave/Power Pop,11,150,72,4,Male,7849,1984,21.75,0
Prince,Purple Rain,72,76,8,64,1984,,72,1,71,6,Male/Female,11758,1978,24.33333333,6
Talking Heads,Stop Making Sense,345,345,,-156,1984,Punk/Post-Punk/New Wave/Power Pop,118,41,57,4,Male/Female,7802,1977,33.5,7
Whitney Houston,Whitney Houston,254,257,249,5,1985,Soul/Gospel/R&B,162,1,69,1,Female,1963,1985,22,0
Sam Cooke,"Live at the Harlem Square Club, 1963",443,439,240,203,1985,Soul/Gospel/R&B,8,134,37,1,Male,1931,1958,54,27
Tom Waits,Rain Dogs,397,399,357,40,1985,,7,181,53,1,Male,1949,1973,36,12
Dire Straits,Brothers in Arms,351,352,418,-67,1985,Singer-Songwriter/Heartland Rock,97,1,60,6,Male,11712,1978,33,7
H√ºsker D√º,New Day Rising,495,488,428,67,1985,Punk/Post-Punk/New Wave/Power Pop,,201,36,3,Male,5880,1983,25,2
The Replacements,Tim,136,137,,-365,1985,Punk/Post-Punk/New Wave/Power Pop,7,183,34,4,Male,7845,1981,23.75,4
The Jesus and Mary Chain,Psychocandy,268,269,,-233,1985,Indie/Alternative Rock,4,188,45,4,Male,7845,1985,23.75,0
The Smiths,Meat Is Murder,295,296,,-206,1985,Punk/Post-Punk/New Wave/Power Pop,32,110,62,4,Male,7849,1984,22.75,1
LL Cool J,Radio,478,470,,-23,1985,Hip-Hop/Rap,38,46,42,1,Male,1968,1985,17,0
The Pogues,Rum Sodomy & the Lash,445,440,,-56,1985,,,201,17,7,Male/Female,13699,1984,28,1
Paul Simon,Graceland,81,71,46,35,1986,,97,3,49,1,Male,1941,1965,45,21
Metallica,Master of Puppets,167,167,97,70,1986,Hard Rock/Metal,72,29,51,4,Male,7850,1983,23.5,3
The Smiths,The Queen Is Dead,216,218,113,103,1986,Punk/Post-Punk/New Wave/Power Pop,37,70,75,4,Male,7849,1984,23.75,2
Beastie Boys,Licensed to Ill,217,219,192,25,1986,Hip-Hop/Rap,68,1,69,3,Male,5895,1986,21,0
Run-DMC,Raising Hell,120,123,209,-89,1986,Hip-Hop/Rap,71,3,65,3,Male,5893,1984,21.66666667,2
Peter Gabriel,So,187,187,297,-110,1986,,76,2,49,1,Male,1950,1977,36,9
James Brown,In the Jungle Groove,330,329,,-171,1986,Funk/Disco,,201,39,1,Male,1933,1958,53,28
Steve Earle,Guitar Town,489,482,,-12,1986,,20,89,51,1,Male,1955,1986,31,0
Prince,Sign O' The Times,93,93,45,48,1987,,54,6,48,1,Male,1958,1978,29,9
Eric B. & Rakim,Paid in Full,227,228,61,166,1987,Hip-Hop/Rap,38,58,51,2,Male,3931,1987,21.5,0
Guns N' Roses,Appetite for Destruction,61,62,62,-1,1987,Hard Rock/Metal,147,1,83,5,Male,9818,1987,23.4,0
U2,The Joshua Tree,26,27,135,-109,1987,Indie/Alternative Rock,103,1,60,4,Male,7842,1980,26.5,7
George Michael,Faith,480,472,151,329,1987,,87,1,69,1,Male,1963,1987,24,0
Michael Jackson,Bad,202,203,194,8,1987,Soul/Gospel/R&B,87,1,69,1,Male,1958,1972,29,15
Boogie Down Productions,Criminal Minded,444,,239,205,1987,Hip-Hop/Rap,,201,24,3,Male,5897,1987,21.33333333,0
New Order,Substance 1987,361,363,,-140,1987,Punk/Post-Punk/New Wave/Power Pop,60,36,66,4,Male,7830,1981,29.5,6
The Smiths,Louder Than Bombs,365,369,,-136,1987,Punk/Post-Punk/New Wave/Power Pop,25,62,76,4,Male,7849,1984,24.75,3
R.E.M.,Document,470,462,,-31,1987,Indie/Alternative Rock,33,10,60,4,Male,7832,1983,29,4
Def Leppard,Hysteria,472,464,,-29,1987,Hard Rock/Metal,133,1,72,5,Male,9799,1980,27.2,7
Bruce Springsteen,Tunnel of Love,475,467,,-26,1987,Singer-Songwriter/Heartland Rock,45,1,57,1,Male,1949,1973,38,14
Public Enemy,Yo! Bum Rush the Show,497,,,-4,1987,Hip-Hop/Rap,12,125,38,4,Male,7845,1987,25.75,0
Tracey Chapman,Tracy Chapman,261,263,256,5,1988,,61,1,77,1,Female,1964,1988,24,0
Public Enemy,It Takes a Nation of Millions to Hold Us Back,48,48,15,33,1988,Hip-Hop/Rap,51,42,31,4,Male,7845,1987,26.75,1
N.W.A,Straight Outta Compton,144,144,70,74,1988,Hip-Hop/Rap,81,37,71,6,Male,11793,1988,22.5,0
Jane's Addiction,Nothing's Shocking,309,312,,-192,1988,Hard Rock/Metal,35,103,57,4,Male,7858,1988,23.5,0
EPMD,Strictly Business,459,453,,-42,1988,Hip-Hop/Rap,23,80,46,3,Male,5904,1988,20,0
Sonic Youth,Daydream Nation,329,328,171,158,1988,Punk/Post-Punk/New Wave/Power Pop,,201,39,4,Male/Female,7829,1983,30.75,5
Pixies,Surfer Rosa,315,317,390,-75,1988,Indie/Alternative Rock,,201,70,4,Male/Female,7852,1988,25,0
Madonna,Like a Prayer,237,239,331,-94,1989,,77,1,58,1,Female,1958,1983,31,6
Janet Jackson,Rhythm Nation 1814,275,277,339,-64,1989,Soul/Gospel/R&B,108,1,54,1,Female,1966,1982,23,7
Sinead O'Connor,I Do Not Want What I Haven't Got,406,408,457,-51,1989,,52,1,67,1,Female,1966,1987,23,2
Bonnie Raitt,Nick of Time,229,230,492,-263,1989,Country/Folk/Country Rock/Folk Rock,185,1,45,1,Female,1949,1971,40,18
De La Soul,3 Feet High and Rising,346,346,103,243,1989,Hip-Hop/Rap,20,24,56,3,Male,5907,1989,20,0
The Cure,Disintegration,326,326,116,210,1989,Punk/Post-Punk/New Wave/Power Pop,55,12,47,6,Male,11747,1979,31.16666667,10
Beastie Boys,Paul's Boutique,156,156,125,31,1989,Hip-Hop/Rap,15,14,57,3,Male,5895,1986,24,3
Don Henley,The End of the Innocence,389,389,,-112,1989,Singer-Songwriter/Heartland Rock,148,8,57,1,Male,1947,1982,42,7
Pixies,Doolittle,226,227,141,85,1989,Indie/Alternative Rock,27,98,73,4,Male/Female,7852,1988,26,1
Madonna,The Immaculate Collection,278,184,138,140,1990,,141,2,61,1,Female,1958,1983,32,7
Depeche Mode,Violator,342,342,167,175,1990,,74,7,61,4,Male,7843,1981,29.25,9
Public Enemy,Fear of a Black Planet,300,302,176,124,1990,Hip-Hop/Rap,27,10,48,3,Male,5885,1987,28.33333333,3
Jane's Addiction,Ritual de lo Habitual,453,,,-48,1990,Hard Rock/Metal,60,19,48,4,Male,7858,1988,25.5,2
Various Artists,"The Best of the Girl Groups, Volume 1",422,421,,-79,1990,Soul/Gospel/R&B,,201,,,,,,,
Nirvana,Nevermind,17,17,6,11,1991,Indie/Alternative Rock,252,1,77,3,Male,5901,1989,24,2
A Tribe Called Quest,The Low End Theory,154,153,43,111,1991,Hip-Hop/Rap,51,45,64,4,Male,7890,1990,18.5,1
James Brown,Star Time,79,75,54,25,1991,Funk/Disco,,201,54,1,Male,1933,1958,58,33
U2,Achtung Baby,62,63,124,-62,1991,Indie/Alternative Rock,97,1,70,4,Male,7842,1980,30.5,11
Pearl Jam,Ten,207,209,160,47,1991,Indie/Alternative Rock,250,2,76,5,Male,9825,1991,26,0
Red Hot Chili Peppers,Blood Sugar Sex Magik,310,310,186,124,1991,Indie/Alternative Rock,97,3,45,4,Male,7855,1984,27.25,7
Ray Charles,The Birth of Soul,53,54,210,-157,1991,Soul/Gospel/R&B,,201,29,1,Male,1930,1949,61,42
Metallica,Metallica,252,255,235,17,1991,Hard Rock/Metal,281,1,73,4,Male,7851,1983,28.25,8
Phil Spector,Back to Mono (1958-1969),64,65,489,-425,1991,Soul/Gospel/R&B,,201,,1,Male,1939,1959,52,32
John Lee Hooker,The Ultimate Collection: 1948-1990,375,377,,-126,1991,Blues/Blues Rock,,201,,1,Male,1917,1959,74,32
James Brown,Greatest Hits,414,,,-87,1991,,,201,,1,Male,1933,1958,58,33
My Bloody Valentine,Loveless,219,221,73,146,1991,Indie/Alternative Rock,,201,63,4,Male/Female,7850,1988,28.5,3
Massive Attack,Blue Lines,395,397,241,154,1991,Electronic,,201,60,6,Male/Female,11775,1991,28.5,0
Ike & Tina Turner,Proud Mary: The Best of Ike and Tina Turner,212,214,392,-180,1991,Soul/Gospel/R&B,,201,39,2,Male/Female,3870,1961,56,30
Dr. Dre,The Chronic,137,138,37,100,1992,Hip-Hop/Rap,86,3,71,1,Male,1965,1992,27,0
R.E.M.,Automatic for the People,247,249,96,151,1992,Indie/Alternative Rock,75,2,70,4,Male,7832,1983,34,9
Pavement,Slanted and Enchanted,134,135,199,-65,1992,Indie/Alternative Rock,,201,53,3,Male,5885,1992,30.33333333,0
Rage Against the Machine,Rage Against the Machine,368,365,221,147,1992,Hard Rock/Metal,89,45,54,4,Male,7870,1992,24.5,0
Curtis Mayfield,The Anthology: 1961-1977,179,178,,-322,1992,Soul/Gospel/R&B,,201,,1,Male,1942,1970,50,22
Jackie Wilson,Mr. Excitement!,235,236,,-266,1992,Soul/Gospel/R&B,,201,,1,Male,1934,1958,58,34
Liz Phair,Exile in Guyville,328,327,56,272,1993,Indie/Alternative Rock,1,196,47,1,Female,1967,1993,26,0
PJ Harvey,Rid of Me,405,406,153,252,1993,Indie/Alternative Rock,1,158,46,1,Female,1969,1992,24,1
Wu-Tang Clan,Enter the Wu-Tang: 36 Chambers,386,387,27,359,1993,,42,41,41,9,Male,17723,1993,23.77777778,0
Nirvana,In Utero,439,435,173,266,1993,Indie/Alternative Rock,87,1,76,3,Male,5901,1989,26,4
Jerry Lee Lewis,All Killer No Filler! The Jerry Lee Lewis Anthology,242,245,325,-83,1993,Rock n' Roll/Rhythm & Blues,,201,,1,Male,1935,1958,58,35
The Smashing Pumpkins,Siamese Dream,360,362,341,19,1993,Indie/Alternative Rock,89,10,52,4,Male/Female,7867,1991,26.25,2
Mary J. Blige,My Life,279,281,126,153,1994,Soul/Gospel/R&B,46,7,60,1,Female,1971,1992,23,2
TLC,CrazySexyCool,377,379,218,159,1994,Soul/Gospel/R&B,99,3,68,3,Female,5912,1992,23.33333333,2
The Notorious B.I.G.,Ready to Die,133,134,22,111,1994,Hip-Hop/Rap,59,15,76,1,Male,1972,1994,22,0
Nas,Illmatic,400,402,44,356,1994,Hip-Hop/Rap,19,12,71,1,Male,1973,1994,21,0
Nine Inch Nails,The Downward Spiral,200,201,122,78,1994,Indie/Alternative Rock,115,2,62,4,Male,7873,1989,25.75,5
Jeff Buckley,Grace,303,304,147,156,1994,,7,149,70,1,Male,1966,1994,28,0
Nirvana,MTV Unplugged in New York,311,313,279,32,1994,Indie/Alternative Rock,81,1,73,3,Male,5901,1989,27,5
Weezer,Weezer,297,299,294,3,1994,,76,16,76,4,Male,7876,1994,25,0
Green Day,Dookie,193,193,375,-182,1994,Punk/Post-Punk/New Wave/Power Pop,113,2,78,3,Male,5916,1990,22,4
Pavement,Crooked Rain Crooked Rain,210,212,434,-224,1994,Indie/Alternative Rock,121,4,52,5,Male,9827,1992,28.6,2
Soundgarden,Superunknown,336,335,,-165,1994,Indie/Alternative Rock,75,1,64,4,Male,7854,1988,30.5,6
Johnny Cash,American Recordings,364,366,,-137,1994,Country/Folk/Country Rock/Folk Rock,9,110,45,1,Male,1932,1957,62,37
Pearl Jam,Vitalogy,493,485,,-8,1994,Indie/Alternative Rock,55,1,61,6,Male,11789,1991,29.16666667,3
Hole,Live Through This,466,460,106,360,1994,Indie/Alternative Rock,68,52,62,4,Male/Female,7861,1991,28.75,3
Portishead,Dummy,419,419,131,288,1994,Electronic,17,79,70,3,Male/Female,5893,1994,29.66666667,0
Various Artists,The Sun Records Collection,308,311,,-193,1994,,,201,,,,,,,
Alanis Morissette,Jagged Little Pill,327,,69,258,1995,Indie/Alternative Rock,113,1,58,1,Female,1974,1991,21,4
Bjork,Post,373,376,289,84,1995,,20,32,52,1,Female,1965,1977,30,18
PJ Harvey,To Bring You My Love,435,,,-66,1995,Indie/Alternative Rock,15,40,54,1,Female,1969,1992,26,3
Oasis,(What's the Story) Morning Glory?,376,378,157,219,1995,Indie/Alternative Rock,76,4,67,5,Male,9847,1994,25.6,1
Radiohead,The Bends,110,111,276,-166,1995,Indie/Alternative Rock,24,88,77,5,Male,9843,1993,26.4,2
The Temptations,Anthology: The Best of The Temptations,398,400,371,27,1995,Soul/Gospel/R&B,,201,,9,Male,17473,1964,53.55555556,31
No Doubt,Tragic Kingdom,441,,,-60,1995,Punk/Post-Punk/New Wave/Power Pop,90,1,73,5,Male/Female,9843,1992,26.4,3
The Smashing Pumpkins,Mellon Collie and the Infinite Sadness,487,,,-14,1995,Indie/Alternative Rock,93,1,60,4,Male/Female,7867,1991,28.25,4
Jay-Z,Reasonable Doubt,248,250,67,181,1996,Hip-Hop/Rap,18,23,58,1,Male,1969,1996,27,0
Beck,Odelay,305,306,424,-119,1996,Indie/Alternative Rock,86,16,51,1,Male,1970,1993,26,3
Fugees,The Score,477,469,134,343,1996,Hip-Hop/Rap,64,1,43,3,Male/Female,5916,1994,24,2
Janet Jackson,The Velvet Rope,256,259,318,-62,1997,Soul/Gospel/R&B,74,1,62,1,Female,1966,1982,31,15
Radiohead,OK Computer,162,162,42,120,1997,Indie/Alternative Rock,55,21,79,5,Male,9843,1993,28.4,4
The Notorious B.I.G.,Life After Death,483,476,179,304,1997,Hip-Hop/Rap,79,1,75,1,Male,1972,1994,25,3
Buena Vista Social Club,Buena Vista Social Club,260,,,-241,1997,Latin,19,80,67,2,Male,3901,1997,46.5,0
Bob Dylan,Time Out of Mind,408,410,,-93,1997,Singer-Songwriter/Heartland Rock,29,10,48,1,Male,1941,1962,56,35
Various Artists,Anthology of American Folk Music,276,278,,-225,1997,Country/Folk/Country Rock/Folk Rock,,201,,,,,,,
Lauryn Hill,The Miseducation of Lauryn Hill,312,314,10,302,1998,Hip-Hop/Rap,81,1,75,1,Female,1975,1998,23,0
Lucinda Williams,Car Wheels on a Gravel Road,304,305,98,206,1998,Country/Folk/Country Rock/Folk Rock,20,65,50,1,Female,1953,1979,45,19
Madonna,Ray of Light,363,367,222,141,1998,Electronic,78,2,63,1,Female,1958,1983,40,15
Massive Attack,Mezzanine,412,,383,29,1998,Electronic,7,60,66,5,Male,9804,1991,37.2,7
Otis Redding,"Dreams to Remember: The Otis Redding Anthology, Otis Redding",147,,,-354,1998,,,201,,1,Male,1941,1964,57,34
Hank Williams,The Complete Hank Williams,225,,,-276,1998,,,201,52,1,Male,1923,1951,75,47
The Mamas and the Papas,Greatest Hits,423,,,-78,1998,,,201,39,4,Male/Female,7760,1966,58,32
Various Artists,"Nuggets: Original Artyfacts From the First Psychedelic Era, 1965-1968",196,196,405,-209,1998,,,201,,,,,,,
Red Hot Chili Peppers,Californication,399,401,286,113,1999,Indie/Alternative Rock,101,3,64,4,Male,7855,1984,35.25,15
Eminem,The Slim Shady LP,273,275,352,-79,1999,Hip-Hop/Rap,105,2,73,1,Male,1972,1996,27,3
Neil Diamond,The Neil Diamond Collection,222,224,,-279,1999,,,201,,1,Male,1951,1966,48,33
Moby,Play,341,341,,-160,1999,Electronic,94,38,58,1,Male,1965,1992,34,7
Tom Waits,Mule Variations,416,416,,-85,1999,,9,30,47,1,Male,1949,1973,50,26
Rage Against the Machine,The Battle of Los Angeles,426,,,-75,1999,Hard Rock/Metal,51,1,69,4,Male,7870,1992,31.5,7
Patsy Cline,The Ultimate Collection,234,235,229,5,2000,Country/Folk/Country Rock/Folk Rock,,201,,1,Female,1932,1957,68,43
Madonna,Music,452,,,-49,2000,Electronic,55,1,43,1,Female,1958,1983,42,17
Radiohead,Kid A,428,67,20,408,2000,Indie/Alternative Rock,28,1,70,5,Male,9843,1993,31.4,7
D'Angelo,Voodoo,488,481,28,460,2000,Soul/Gospel/R&B,33,1,59,1,Male,1974,1995,26,5
OutKast,Stankonia,359,361,64,295,2000,Hip-Hop/Rap,46,2,74,2,Male,3950,1994,25,6
Eminem,The Marshall Mathers LP,302,244,145,157,2000,Hip-Hop/Rap,173,1,82,1,Male,1972,1996,28,4
U2,All That You Can't Leave Behind,139,280,,-362,2000,Indie/Alternative Rock,94,3,60,4,Male,7842,1980,39.5,20
The Supremes,Anthology,431,423,452,-21,2001,Soul/Gospel/R&B,,201,,5,Female,9713,1962,58.4,39
Jay-Z,The Blueprint,464,252,50,414,2001,Hip-Hop/Rap,35,1,63,1,Male,1969,1996,32,5
The Strokes,Is This It,367,199,114,253,2001,Indie/Alternative Rock,58,33,67,5,Male,9897,2001,21.6,0
Bob Dylan,"""Love and Theft""",467,385,411,56,2001,Singer-Songwriter/Heartland Rock,26,5,35,1,Male,1941,1962,60,39
Muddy Waters,The Anthology,38,38,483,-445,2001,Blues/Blues Rock,,201,,1,Male,1913,1947,88,54
ABBA,The Definitive Collection,180,179,303,-123,2001,,186,1,50,4,Male/Female,7786,1973,54.5,28
No Doubt,Rock Steady,316,,,-185,2001,Punk/Post-Punk/New Wave/Power Pop,76,9,61,4,Male/Female,7876,1992,32,9
Boz Scaggs,Boz Scaggs,,496,,-501,1969,,171,5,36,1,Male,1944,1965,25,4
Ian Dury and the Blockheads,New Boots & Panties!!,,,,-501,1977,,5,168,36,4,Male,7790,1975,29.5,2
Bonnie Raitt,Give It Up,,495,,-501,1972,Country/Folk/Country Rock/Folk Rock,15,131,48,1,Female,1949,1971,23,1
B.B. King,Live in Cook County Jail,,499,,-501,1971,Blues/Blues Rock,33,25,40,1,Male,1925,1956,46,15
Linda Ronstadt,The Very Best of Linda Ronstadt,324,164,,-177,2002,,3,165,,1,Female,1946,1969,56,33
Bob Dylan,Modern Times,,204,,-501,2006,Singer-Songwriter/Heartland Rock,27,1,38,1,Male,1941,1962,65,44
Bruce Springsteen,The Rising,,424,,-501,2002,Singer-Songwriter/Heartland Rock,37,1,55,1,Male,1949,1973,53,29
Radiohead,Amnesiac,,320,,-501,2001,Indie/Alternative Rock,16,2,63,5,Male,9843,1993,32.4,8
Loretta Lynn,All Time Greatest Hits,485,478,,-16,2002,Country/Folk/Country Rock/Folk Rock,,201,26,1,Female,1932,1963,70,39
Coldplay,A Rush of Blood to the Head,473,466,324,149,2002,Indie/Alternative Rock,104,5,82,4,Male,7910,2000,24.5,2
Vampire Weekend,Vampire Weekend,,430,,-501,2008,Indie/Alternative Rock,53,17,67,4,Male,7935,2008,24.25,0
M.I.A.,Kala,,393,,-501,2007,Electronic,45,18,69,1,Female,1975,2005,32,2
Arctic Monkeys,"Whatever People Say I Am, That's What I'm Not",,371,,-501,2006,Indie/Alternative Rock,19,24,76,4,Male,7943,2006,20.25,0
MGMT,Oracular Spectacular,,494,,-501,2007,Indie/Alternative Rock,111,38,74,2,Male,3965,2007,24.5,0
The White Stripes,White Blood Cells,,497,,-501,2001,Blues/Blues Rock,52,61,68,2,Male/Female,3949,1999,26.5,2
My Morning Jacket,Z,,457,,-501,2005,Indie/Alternative Rock,6,67,51,5,Male,9882,1999,28.6,6
Creedence Clearwater Revival,Chronicle: The 20 Greatest Hits,,59,,-501,1976,Blues/Blues Rock,14,100,64,4,Male,7776,1968,32,8
Eminem,The Eminem Show,317,,,-184,2002,Hip-Hop/Rap,104,1,87,1,Male,1972,1996,30,6
Peter Wolf,Sleepless,432,427,,-69,2002,,,201,30,1,Male,1946,1984,56,18
Beck,Sea Change,440,436,,-61,2002,Indie/Alternative Rock,26,8,51,1,Male,1970,1993,32,9
Sam Cooke,Portrait of a Legend 1951-1964,106,107,307,-201,2003,Soul/Gospel/R&B,1,135,55,1,Male,1931,1958,72,45
The White Stripes,Elephant,390,390,449,-59,2003,Blues/Blues Rock,57,6,76,2,Male/Female,3949,1999,28.5,4
Manu Chao,Proxima estacion: Esperanza,,474,,-501,2001,Latin,,201,73,1,Male,1961,1998,40,3
The Beach Boys,The Smile Sessions,,381,,-501,2011,,,201,41,6,Male,11657,1962,68.16666667,49
